observation_id,concentration_mM,input_power_mW,time_ms,ring_count,pixel_x,pixel_y,time_digitization_halfwidth_ms,ring_count_digitization_halfwidth,measurement_uncertainty
fig10_c0.25_01,0.25,50,25.82278,0.98039,209,693,1.01266,0.11204,
fig10_c0.25_02,0.25,50,48.60759,0.98039,299,693,1.01266,0.11204,
fig10_c0.25_03,0.25,50,75.94937,2.01681,407,656,1.01266,0.11204,
fig10_c0.25_04,0.25,50,96.96203,2.01681,490,656,1.01266,0.11204,
fig10_c0.25_05,0.25,50,107.8481,2.9972,533,621,1.01266,0.11204,
fig10_c0.25_06,0.25,50,135.6962,2.9972,643,621,1.01266,0.11204,
fig10_c0.25_07,0.25,50,148.10127,2.9972,692,621,1.01266,0.11204,
fig10_c0.25_08,0.25,50,173.92405,2.9972,794,621,1.01266,0.11204,
fig10_c0.25_09,0.25,50,198.98734,2.01681,893,656,1.01266,0.11204,
fig10_c0.5_01,0.5,50,25.82278,2.01681,209,656,1.01266,0.11204,
fig10_c0.5_02,0.5,50,48.60759,7.0028,299,478,1.01266,0.11204,
fig10_c0.5_03,0.5,50,75.94937,8.0112,407,442,1.01266,0.11204,
fig10_c0.5_04,0.5,50,96.96203,10.0,490,371,1.01266,0.11204,
fig10_c0.5_05,0.5,50,107.8481,12.01681,533,299,1.01266,0.11204,
fig10_c0.5_06,0.5,50,135.6962,12.9972,643,264,1.01266,0.11204,
fig10_c0.5_07,0.5,50,148.10127,12.9972,692,264,1.01266,0.11204,
fig10_c0.5_08,0.5,50,173.92405,12.9972,794,264,1.01266,0.11204,
fig10_c0.5_09,0.5,50,198.98734,11.0084,893,335,1.01266,0.11204,
fig10_c1_01,1.0,50,25.82278,3.05322,209,619,1.01266,0.11204,
fig10_c1_02,1.0,50,48.60759,7.98319,299,443,1.01266,0.11204,
fig10_c1_03,1.0,50,75.94937,10.05602,407,369,1.01266,0.11204,
fig10_c1_04,1.0,50,96.96203,14.03361,490,227,1.01266,0.11204,
fig10_c1_05,1.0,50,107.8481,15.04202,533,191,1.01266,0.11204,
fig10_c1_06,1.0,50,135.6962,18.0112,643,85,1.01266,0.11204,
fig10_c1_07,1.0,50,148.10127,18.0112,692,85,1.01266,0.11204,
fig10_c1_08,1.0,50,173.92405,18.0112,794,85,1.01266,0.11204,
fig10_c1_09,1.0,50,198.98734,17.0028,893,121,1.01266,0.11204,
