wavelength_nm,delta_epsilon_M_inverse_cm_inverse,wavelength_digitization_bound_nm,delta_epsilon_digitization_bound,partition,pixel_x,pixel_y
205.0,-2.6173,1.0,0.15,heldout,142,287.0
207.0,-3.4074,1.0,0.15,heldout,145,303.0
209.0,-3.8519,1.0,0.15,heldout,148,312.0
211.0,-3.9506,1.0,0.15,heldout,151,314.0
215.0,-3.8519,1.0,0.15,heldout,158,312.0
217.0,-3.8519,1.0,0.15,heldout,161,312.0
219.0,-3.8519,1.0,0.15,heldout,164,312.0
221.0,-3.6296,1.0,0.15,heldout,168,307.5
223.0,-3.3086,1.0,0.15,heldout,171,301.0
225.0,-3.1605,1.0,0.15,heldout,174,298.0
227.0,-2.7407,1.0,0.15,heldout,177,289.5
229.0,-2.1975,1.0,0.15,heldout,181,278.5
231.0,-1.8025,1.0,0.15,heldout,184,270.5
233.0,-1.3333,1.0,0.15,heldout,187,261.0
235.0,-0.9136,1.0,0.15,heldout,190,252.5
237.0,-0.4938,1.0,0.15,heldout,194,244.0
239.0,-0.1975,1.0,0.15,heldout,197,238.0
241.0,-0.0988,1.0,0.15,diagnostic_tail,200,236.0
243.0,0.0988,1.0,0.15,diagnostic_tail,203,232.0
245.0,0.2469,1.0,0.15,diagnostic_tail,207,229.0
247.0,0.321,1.0,0.15,diagnostic_tail,210,227.5
249.0,0.4444,1.0,0.15,diagnostic_tail,213,225.0
251.0,0.4444,1.0,0.15,diagnostic_tail,217,225.0
253.0,0.4444,1.0,0.15,diagnostic_tail,220,225.0
255.0,0.4444,1.0,0.15,diagnostic_tail,223,225.0
257.0,0.4444,1.0,0.15,diagnostic_tail,226,225.0
261.0,0.4938,1.0,0.15,diagnostic_tail,233,224.0
263.0,0.4691,1.0,0.15,diagnostic_tail,236,224.5
265.0,0.4938,1.0,0.15,diagnostic_tail,239,224.0
267.0,0.4938,1.0,0.15,diagnostic_tail,243,224.0
269.0,0.4938,1.0,0.15,diagnostic_tail,246,224.0
271.0,0.4938,1.0,0.15,diagnostic_tail,249,224.0
273.0,0.4938,1.0,0.15,diagnostic_tail,252,224.0
275.0,0.4444,1.0,0.15,diagnostic_tail,256,225.0
277.0,0.4938,1.0,0.15,diagnostic_tail,259,224.0
279.0,0.4938,1.0,0.15,diagnostic_tail,262,224.0
281.0,0.4938,1.0,0.15,diagnostic_tail,265,224.0
283.0,0.4938,1.0,0.15,diagnostic_tail,269,224.0
285.0,0.4938,1.0,0.15,diagnostic_tail,272,224.0
287.0,0.4938,1.0,0.15,diagnostic_tail,275,224.0
289.0,0.5432,1.0,0.15,diagnostic_tail,278,223.0
291.0,0.5432,1.0,0.15,diagnostic_tail,282,223.0
293.0,0.5432,1.0,0.15,diagnostic_tail,285,223.0
295.0,0.4938,1.0,0.15,diagnostic_tail,288,224.0
297.0,0.4938,1.0,0.15,diagnostic_tail,291,224.0
301.0,0.5432,1.0,0.15,diagnostic_tail,298,223.0
303.0,0.5432,1.0,0.15,diagnostic_tail,301,223.0
305.0,0.5432,1.0,0.15,diagnostic_tail,304,223.0
307.0,0.4938,1.0,0.15,diagnostic_tail,308,224.0
309.0,0.4938,1.0,0.15,diagnostic_tail,311,224.0
311.0,0.4938,1.0,0.15,diagnostic_tail,314,224.0
313.0,0.5432,1.0,0.15,diagnostic_tail,317,223.0
315.0,0.5432,1.0,0.15,diagnostic_tail,321,223.0
317.0,0.4938,1.0,0.15,diagnostic_tail,324,224.0
319.0,0.4938,1.0,0.15,diagnostic_tail,327,224.0
321.0,0.4691,1.0,0.15,diagnostic_tail,330,224.5
323.0,0.4691,1.0,0.15,diagnostic_tail,334,224.5
325.0,0.4938,1.0,0.15,diagnostic_tail,337,224.0
327.0,0.4938,1.0,0.15,diagnostic_tail,340,224.0
329.0,0.4938,1.0,0.15,diagnostic_tail,343,224.0
331.0,0.5432,1.0,0.15,diagnostic_tail,347,223.0
333.0,0.5432,1.0,0.15,diagnostic_tail,350,223.0
335.0,0.5432,1.0,0.15,diagnostic_tail,353,223.0
337.0,0.4938,1.0,0.15,diagnostic_tail,356,224.0
339.0,0.4444,1.0,0.15,diagnostic_tail,360,225.0
341.0,0.4444,1.0,0.15,diagnostic_tail,363,225.0
343.0,0.4444,1.0,0.15,diagnostic_tail,366,225.0
345.0,0.4444,1.0,0.15,diagnostic_tail,369,225.0
347.0,0.4938,1.0,0.15,diagnostic_tail,373,224.0
349.0,0.4938,1.0,0.15,diagnostic_tail,376,224.0
351.0,0.5432,1.0,0.15,diagnostic_tail,379,223.0
353.0,0.4938,1.0,0.15,diagnostic_tail,383,224.0
355.0,0.4938,1.0,0.15,diagnostic_tail,386,224.0
357.0,0.4691,1.0,0.15,diagnostic_tail,389,224.5
359.0,0.4938,1.0,0.15,diagnostic_tail,392,224.0
361.0,0.4938,1.0,0.15,diagnostic_tail,396,224.0
363.0,0.4938,1.0,0.15,diagnostic_tail,399,224.0
365.0,0.4938,1.0,0.15,diagnostic_tail,402,224.0
367.0,0.5432,1.0,0.15,diagnostic_tail,405,223.0
369.0,0.5432,1.0,0.15,diagnostic_tail,409,223.0
371.0,0.5926,1.0,0.15,diagnostic_tail,412,222.0
373.0,0.5926,1.0,0.15,diagnostic_tail,415,222.0
375.0,0.6173,1.0,0.15,diagnostic_tail,418,221.5
377.0,0.642,1.0,0.15,diagnostic_tail,422,221.0
379.0,0.642,1.0,0.15,diagnostic_tail,425,221.0
381.0,0.642,1.0,0.15,diagnostic_tail,428,221.0
383.0,0.642,1.0,0.15,diagnostic_tail,431,221.0
385.0,0.6914,1.0,0.15,diagnostic_tail,435,220.0
387.0,0.6914,1.0,0.15,diagnostic_tail,438,220.0
389.0,0.6914,1.0,0.15,diagnostic_tail,441,220.0
391.0,0.6667,1.0,0.15,diagnostic_tail,444,220.5
393.0,0.642,1.0,0.15,diagnostic_tail,448,221.0
395.0,0.6914,1.0,0.15,diagnostic_tail,451,220.0
