candidate_id,system,stationary_point_stage,pathway_descriptor,charge,multiplicity,meaningful_imaginary_count_lt_minus_50,all_negative_frequencies_cm-1,last_scf_energy_hartree,thermal_free_energy_hartree,normal_termination,original_entry
P0_C001,P0,Int-II,"Py,Ph,ax-a",0,1,0,[],-1414.79415052,-1414.458376,True,"[Int-I]/[Int-II]/[Int-II] freq/[Int-II]-Py,Ph,ax-a.log"
P0_C002,P0,Int-III,"Py,OMe,ax-a",0,1,0,[],-1414.85938142,-1414.526709,True,"[Int-I]/[Int-III]/[Int-III] freq/[Int-III]-Py,OMe,ax-a.log"
P0_C003,P0,Int-III,"Py,Ph,ax-a",0,1,0,[],-1414.86023915,-1414.527925,True,"[Int-I]/[Int-III]/[Int-III] freq/[Int-III]-Py,Ph,ax-a.log"
P0_C004,P0,Int-I,"Ph,OMe,ax-b",0,1,0,[],-1414.80038739,-1414.463879,True,"[Int-I]/[Int-I]/[Int-I] freq/[Int-I]-Ph,OMe,ax-b.log"
P0_C005,P0,Int-I,"Py,OMe,ax-a",0,1,0,[],-1414.80343687,-1414.466592,True,"[Int-I]/[Int-I]/[Int-I] freq/[Int-I]-Py,OMe,ax-a.log"
P0_C006,P0,Int-III,"Ph,OMe,ax-b",0,1,0,[],-1414.85874502,-1414.526094,True,"[Int-I]/[Int-III]/[Int-III] freq/[Int-III]-Ph,OMe,ax-b.log"
P0_C007,P0,Int-I,"Py,Py,ax-a",0,1,0,[],-1414.78863434,-1414.452165,True,"[Int-I]/[Int-I]/[Int-I] freq/[Int-I]-Py,Py,ax-a.log"
P0_C008,P0,Int-I,"Ph,Ph,ax-a",0,1,0,[],-1414.7816443,-1414.447652,True,"[Int-I]/[Int-I]/[Int-I] freq/[Int-I]-Ph,Ph,ax-a.log"
P0_C009,P0,TS-I,"Py,Ph,ax-a",0,1,1,[-420.5351],-1414.74725653,-1414.415373,True,"[Int-I]/[TS-I]/[TS-I] freq/[TS-I]-Py,Ph,ax-a.log"
P0_C010,P0,Int-I,"Py,OMe,ax-b",0,1,0,[],-1414.80252916,-1414.467408,True,"[Int-I]/[Int-I]/[Int-I] freq/[Int-I]-Py,OMe,ax-b.log"
P0_C011,P0,Int-III,"Ph,OMe,ax-a",0,1,0,[],-1414.85967113,-1414.529619,True,"[Int-I]/[Int-III]/[Int-III] freq/[Int-III]-Ph,OMe,ax-a.log"
P0_C012,P0,Int-III,"Py,OMe,ax-b",0,1,0,[],-1414.85831614,-1414.527083,True,"[Int-I]/[Int-III]/[Int-III] freq/[Int-III]-Py,OMe,ax-b.log"
P0_C013,P0,Int-I,"Ph,OMe,ax-a",0,1,0,[],-1414.80126797,-1414.464155,True,"[Int-I]/[Int-I]/[Int-I] freq/[Int-I]-Ph,OMe,ax-a.log"
P0_C014,P0,Int-I,"Py,Ph,ax-a",0,1,0,[],-1414.78605945,-1414.44994,True,"[Int-I]/[Int-I]/[Int-I] freq/[Int-I]-Py,Ph,ax-a.log"
P0_C015,P0,TS-I,"Py,OMe,ax-a",0,1,1,[-506.3517],-1414.75234656,-1414.417468,True,"[Int-I]/[TS-I]/[TS-I] freq/[TS-I]-Py,OMe,ax-a.log"
P0_C016,P0,TS-II,"Py,Ph,ax-a",0,1,1,[-141.391],-1414.79391574,-1414.459275,True,"[Int-I]/[TS-II]/[TS-II] freq/[TS-II]-Py,Ph,ax-a.log"
P0_C017,P0,TS-I,"Ph,OMe,ax-a",0,1,1,[-513.7209],-1414.74122002,-1414.406444,True,"[Int-I]/[TS-I]/[TS-I] freq/[TS-I]-Ph,OMe,ax-a.log"
P1_C001,P1,TS-I,"Py,OMe,ax-a",1,1,1,[-491.1194],-1415.2292984,-1414.880404,True,"[Int-I·H]+/[TS-I·H]+/[TS-I·H]+ freq/[TS-I·H]+-Py,OMe,ax-a.log"
P1_C002,P1,Int-II,"Py,OMe,ax-b",1,1,0,[],-1415.29121437,-1414.941066,True,"[Int-I·H]+/[Int-II·H]+/[Int-II·H]+ freq/[Int-II·H]+-Py,OMe,ax-b.log"
P1_C003,P1,Int-III,"Py,OMe,ax-a",1,1,0,[],-1415.31438613,-1414.965973,True,"[Int-I·H]+/[Int-III·H]+/[Int-III·H]+ freq/[Int-III·H]+-Py,OMe,ax-a.log"
P1_C004,P1,TS-I,"Py,Ph,ax-a",1,1,1,[-403.6472],-1415.22014854,-1414.872115,True,"[Int-I·H]+/[TS-I·H]+/[TS-I·H]+ freq/[TS-I·H]+-Py,Ph,ax-a.log"
P1_C005,P1,TS-II,"Py,OMe,ax-a",1,1,1,[-245.5461],-1415.28223702,-1414.934033,True,"[Int-I·H]+/[TS-II·H]+/[TS-II·H]+ freq/[TS-II·H]+-Py,OMe,ax-a.log"
P1_C006,P1,Int-II,"Ph,OMe,ax-b",1,1,0,[],-1415.28599176,-1414.937119,True,"[Int-I·H]+/[Int-II·H]+/[Int-II·H]+ freq/[Int-II·H]+-Ph,OMe,ax-b.log"
P1_C007,P1,Int-I,"Py,PyH+,ax-a",1,1,0,[],-1415.24803163,-1414.896763,True,"[Int-I·H]+/[Int-I·H]+/[Int-I·H]+ freq/[Int-I·H]+-Py,PyH+,ax-a.log"
P1_C008,P1,Int-II,"Ph,OMe,ax-a",1,1,0,[],-1415.28283972,-1414.932804,True,"[Int-I·H]+/[Int-II·H]+/[Int-II·H]+ freq/[Int-II·H]+-Ph,OMe,ax-a.log"
P1_C009,P1,Int-I,"Py,PyH+,ax-b",1,1,0,[],-1415.24994398,-1414.899666,True,"[Int-I·H]+/[Int-I·H]+/[Int-I·H]+ freq/[Int-I·H]+-Py,PyH+,ax-b.log"
P1_C010,P1,Int-I,"Ph,OMe,ax-a",1,1,0,[],-1415.2553913,-1414.903485,True,"[Int-I·H]+/[Int-I·H]+/[Int-I·H]+ freq/[Int-I·H]+-Ph,OMe,ax-a.log"
P1_C011,P1,Int-I,"Py,OMe,ax-b",1,1,0,[],-1415.25547683,-1414.903993,True,"[Int-I·H]+/[Int-I·H]+/[Int-I·H]+ freq/[Int-I·H]+-Py,OMe,ax-b.log"
P1_C012,P1,TS-II,"Py,Ph,ax-a",1,1,1,[-252.5868],-1415.27959597,-1414.930087,True,"[Int-I·H]+/[TS-II·H]+/[TS-II·H]+ freq/[TS-II·H]+-Py,Ph,ax-a.log"
P1_C013,P1,Int-I,"Ph,Ph,ax-a",1,1,0,[],-1415.23738535,-1414.888622,True,"[Int-I·H]+/[Int-I·H]+/[Int-I·H]+ freq/[Int-I·H]+-Ph,Ph,ax-a.log"
P1_C014,P1,Int-I,"Py,OMe,ax-a",1,1,0,[],-1415.26005773,-1414.907303,True,"[Int-I·H]+/[Int-I·H]+/[Int-I·H]+ freq/[Int-I·H]+-Py,OMe,ax-a.log"
P1_C015,P1,Int-I,"Py,OMe,ax-c",1,1,0,[],-1415.25779167,-1414.905234,True,"[Int-I·H]+/[Int-I·H]+/[Int-I·H]+ freq/[Int-I·H]+-Py,OMe,ax-c.log"
P1_C016,P1,Int-III,"Ph,OMe,ax-a",1,1,0,[],-1415.31471006,-1414.96839,True,"[Int-I·H]+/[Int-III·H]+/[Int-III·H]+ freq/[Int-III·H]+-Ph,OMe,ax-a.log"
P1_C017,P1,TS-II,"Ph,OMe,ax-a",1,1,1,[-255.9567],-1415.27912502,-1414.932122,True,"[Int-I·H]+/[TS-II·H]+/[TS-II·H]+ freq/[TS-II·H]+-Ph,OMe,ax-a.log"
P1_C018,P1,TS-I,"Ph,OMe,ax-a",1,1,1,[-481.0163],-1415.21895311,-1414.867465,True,"[Int-I·H]+/[TS-I·H]+/[TS-I·H]+ freq/[TS-I·H]+-Ph,OMe,ax-a.log"
P1_C019,P1,Int-I,"PyH+,OMe,ax-b",1,1,0,[],-1415.26346916,-1414.911963,True,"[Int-I·H]+/[Int-I·H]+/[Int-I·H]+ freq/[Int-I·H]+-PyH+,OMe,ax-b.log"
P1_C020,P1,Int-I,"PyH+,Ph,ax-a",1,1,0,[],-1415.2473411,-1414.897587,True,"[Int-I·H]+/[Int-I·H]+/[Int-I·H]+ freq/[Int-I·H]+-PyH+,Ph,ax-a.log"
P1_C021,P1,Int-II,"Py,OMe,ax-a",1,1,0,[],-1415.28825654,-1414.937807,True,"[Int-I·H]+/[Int-II·H]+/[Int-II·H]+ freq/[Int-II·H]+-Py,OMe,ax-a.log"
P1_C022,P1,Int-I,"PyH+,OMe,ax-a",1,1,0,[],-1415.2621207,-1414.910622,True,"[Int-I·H]+/[Int-I·H]+/[Int-I·H]+ freq/[Int-I·H]+-PyH+,OMe,ax-a.log"
P1_C023,P1,Int-III,"Py,Ph,ax-a",1,1,0,[],-1415.31562721,-1414.967104,True,"[Int-I·H]+/[Int-III·H]+/[Int-III·H]+ freq/[Int-III·H]+-Py,Ph,ax-a.log"
P1_C024,P1,Int-I,"PyH+,Ph,ax-b",1,1,0,[],-1415.24679838,-1414.897708,True,"[Int-I·H]+/[Int-I·H]+/[Int-I·H]+ freq/[Int-I·H]+-PyH+,Ph,ax-b.log"
P1_C025,P1,Int-II,"Py,Ph,ax-a",1,1,0,[],-1415.28841686,-1414.939326,True,"[Int-I·H]+/[Int-II·H]+/[Int-II·H]+ freq/[Int-II·H]+-Py,Ph,ax-a.log"
P2_C001,P2,Int-III,"PyH+,Ph,ax-a",2,1,0,[],-1415.76628347,-1415.405711,True,"[Int-I·2H]2+/[Int-III·2H]2+/[Int-III·2H]2+ freq/[Int-III·2H]2+-PyH+,Ph,ax-a.log"
P2_C002,P2,Int-I,"Ph,Ph,ax-a",2,1,0,[],-1415.68930991,-1415.325598,True,"[Int-I·2H]2+/[Int-I·2H]2+/[Int-I·2H]2+ freq/[Int-I·2H]2+-Ph,Ph,ax-a.log"
P2_C003,P2,Int-II,"Ph,OMe,ax-a",2,1,0,[],-1415.73039535,-1415.365593,True,"[Int-I·2H]2+/[Int-II·2H]2+/[Int-II·2H]2+ freq/[Int-II·2H]2+-Ph,OMe,ax-a.log"
P2_C004,P2,TS-II,"PyH+,Ph,ax-a",2,1,1,[-239.5073],-1415.73172519,-1415.366922,True,"[Int-I·2H]2+/[TS-II·2H]2+/[TS-II·2H]2+ freq/[TS-II·2H]2+-PyH+,Ph,ax-a.log"
P2_C005,P2,Int-I,"PyH+,Ph,ax-b",2,1,0,[],-1415.69738331,-1415.332938,True,"[Int-I·2H]2+/[Int-I·2H]2+/[Int-I·2H]2+ freq/[Int-I·2H]2+-PyH+,Ph,ax-b.log"
P2_C006,P2,TS-I,"PyH+,OMe,ax-a",2,1,1,[-397.2874],-1415.68213982,-1415.317144,True,"[Int-I·2H]2+/[TS-I·2H]2+/[TS-I·2H]2+ freq/[TS-I·2H]2+-PyH+,OMe,ax-a.log"
P2_C007,P2,Int-I,"PyH+,OMe,ax-a",2,1,0,[],-1415.71504539,-1415.349355,True,"[Int-I·2H]2+/[Int-I·2H]2+/[Int-I·2H]2+ freq/[Int-I·2H]2+-PyH+,OMe,ax-a.log"
P2_C008,P2,Int-I,"Ph,OMe,ax-b",2,1,0,[],-1415.70675494,-1415.339741,True,"[Int-I·2H]2+/[Int-I·2H]2+/[Int-I·2H]2+ freq/[Int-I·2H]2+-Ph,OMe,ax-b.log"
P2_C009,P2,TS-II,"PyH+,OMe,ax-a",2,1,1,[-200.8369],-1415.73421233,-1415.37096,True,"[Int-I·2H]2+/[TS-II·2H]2+/[TS-II·2H]2+ freq/[TS-II·2H]2+-PyH+,OMe,ax-a.log"
P2_C010,P2,TS-I,"Ph,OMe,ax-a",2,1,1,[-523.1226],-1415.67038569,-1415.305965,True,"[Int-I·2H]2+/[TS-I·2H]2+/[TS-I·2H]2+ freq/[TS-I·2H]2+-Ph,OMe,ax-a.log"
P2_C011,P2,Int-I,"Ph,OMe,ax-a",2,1,0,[],-1415.70839908,-1415.341283,True,"[Int-I·2H]2+/[Int-I·2H]2+/[Int-I·2H]2+ freq/[Int-I·2H]2+-Ph,OMe,ax-a.log"
P2_C012,P2,TS-I,"PyH+,Ph,ax-a",2,1,1,[-319.6335],-1415.68117045,-1415.319383,True,"[Int-I·2H]2+/[TS-I·2H]2+/[TS-I·2H]2+ freq/[TS-I·2H]2+-PyH+,Ph,ax-a.log"
P2_C013,P2,Int-I,"PyH+,OMe,ax-b",2,1,0,[],-1415.71103058,-1415.344596,True,"[Int-I·2H]2+/[Int-I·2H]2+/[Int-I·2H]2+ freq/[Int-I·2H]2+-PyH+,OMe,ax-b.log"
P2_C014,P2,Int-II,"PyH+,Ph,ax-a",2,1,0,[],-1415.74087336,-1415.378669,True,"[Int-I·2H]2+/[Int-II·2H]2+/[Int-II·2H]2+ freq/[Int-II·2H]2+-PyH+,Ph,ax-a.log"
P2_C015,P2,Int-III,"Ph,OMe,ax-a",2,1,0,[],-1415.76779956,-1415.405359,True,"[Int-I·2H]2+/[Int-III·2H]2+/[Int-III·2H]2+ freq/[Int-III·2H]2+-Ph,OMe,ax-a.log"
P2_C016,P2,TS-II,"Ph,OMe,ax-a",2,1,1,[-241.5079],-1415.72726188,-1415.363572,True,"[Int-I·2H]2+/[TS-II·2H]2+/[TS-II·2H]2+ freq/[TS-II·2H]2+-Ph,OMe,ax-a.log"
P2_C017,P2,TS-I,"Ph,Ph,ax-a",2,1,1,[-456.0372],-1415.66133361,-1415.299343,True,"[Int-I·2H]2+/[TS-I·2H]2+/[TS-I·2H]2+ freq/[TS-I·2H]2+-Ph,Ph,ax-a.log"
P2_C018,P2,Int-II,"PyH+,OMe,ax-a",2,1,0,[],-1415.739754,-1415.376093,True,"[Int-I·2H]2+/[Int-II·2H]2+/[Int-II·2H]2+ freq/[Int-II·2H]2+-PyH+,OMe,ax-a.log"
P2_C019,P2,Int-I,"PyH+,Ph,ax-a",2,1,0,[],-1415.69810563,-1415.333338,True,"[Int-I·2H]2+/[Int-I·2H]2+/[Int-I·2H]2+ freq/[Int-I·2H]2+-PyH+,Ph,ax-a.log"
P2_C020,P2,Int-I,"PyH+,OMe,ax-c",2,1,0,[],-1415.71325502,-1415.347675,True,"[Int-I·2H]2+/[Int-I·2H]2+/[Int-I·2H]2+ freq/[Int-I·2H]2+-PyH+,OMe,ax-c.log"
P2_C021,P2,TS-I,"PyH+,OMe,ax-b",2,1,1,[-437.0217],-1415.68691564,-1415.32294,True,"[Int-I·2H]2+/[TS-I·2H]2+/[TS-I·2H]2+ freq/[TS-I·2H]2+-PyH+,OMe,ax-b.log"
P2_C022,P2,Int-III,"PyH+,OMe,ax-a",2,1,0,[],-1415.7652508,-1415.40355,True,"[Int-I·2H]2+/[Int-III·2H]2+/[Int-III·2H]2+ freq/[Int-III·2H]2+-PyH+,OMe,ax-a.log"
P2_C023,P2,Int-I,"PyH+,PyH+,ax-a",2,1,0,[],-1415.70621224,-1415.33997,True,"[Int-I·2H]2+/[Int-I·2H]2+/[Int-I·2H]2+ freq/[Int-I·2H]2+-PyH+,PyH+,ax-a.log"
P2_C024,P2,Int-II,"PyH+,OMe,ax-b",2,1,0,[-2.8981],-1415.74254267,-1415.377846,True,"[Int-I·2H]2+/[Int-II·2H]2+/[Int-II·2H]2+ freq/[Int-II·2H]2+-PyH+,OMe,ax-b.log"
