paper_id,doi,publisher,journal_name,title,stage03_replay_decision,stage04_discovery_status,stage04_download_status,audit_status,article_type,confirmed_asset_count,confirmed_asset_formats,evidence,notes
paper_38a5792617c8b944,10.1002/anie.202416839,Wiley,Angewandte Chemie International Edition,"Coplanar Atropochiral 5H-Cyclopenta[2,1-b:3,4-b′]dipyridine Ligands: Synthesis and Applications in Asymmetric Ring-Opening Reaction",not_computational,metadata_error,access_blocked,unverified_access_blocked,,0,,https://doi.org/10.1002/anie.202416839,publisher page/API blocked on current network; do not interpret as no supplementary material
paper_076f39743d981e1a,10.1002/anie.202423227,Wiley,Angewandte Chemie International Edition,Multivariate Distribution Structured Anisotropic Inorganic Polymer Composite Electrolyte for Long-Cycle and High-Energy All-Solid-State Lithium Metal Batteries,not_computational,metadata_error,access_blocked,unverified_access_blocked,,0,,https://doi.org/10.1002/anie.202423227,publisher page/API blocked on current network; do not interpret as no supplementary material
paper_34f33844050a10cb,10.1002/anie.202424756,Wiley,Angewandte Chemie International Edition,Double Sb-N Coordination Enables Record-High Birefringence in UV-Transparent Crystals,strong_candidate,metadata_error,access_blocked,confirmed_present_official_page,,2,docx;zip,https://onlinelibrary.wiley.com/doi/10.1002/anie.202424756,anie202424756-sup-0001-SuppMat.docx; anie202424756-sup-0002-SuppMat.zip; direct download blocked by HTTP 403 on current egress
paper_862ccd4b2b3ef207,10.1002/anie.202425080,Wiley,Angewandte Chemie International Edition,Spatially Coupling Electronic–Ionic Transport in Organic Mixed Conductors as Cathodes for Efficient Zn–V Batteries,strong_candidate,metadata_error,access_blocked,unverified_access_blocked,,0,,https://doi.org/10.1002/anie.202425080,publisher page/API blocked on current network; do not interpret as no supplementary material
paper_4e5fc0cd3587f253,10.1002/anie.202500715,Wiley,,,strong_candidate,metadata_error,access_blocked,unverified_access_blocked,,0,,,publisher page/API blocked on current network; do not interpret as no supplementary material
paper_ec8a71ed2191be6e,10.1002/anie.202501307,Wiley,Angewandte Chemie International Edition,Microporous Hard Carbon Support Provokes Exceptional Performance of Single Atom Electrocatalysts for Advanced Air Cathodes,strong_candidate,metadata_error,access_blocked,unverified_access_blocked,,0,,https://doi.org/10.1002/anie.202501307,publisher page/API blocked on current network; do not interpret as no supplementary material
paper_e52166ca128a8dad,10.1002/anie.202501777,Wiley,Angewandte Chemie International Edition,Boosting Initial Coulombic Efficiency in Li-Rich Mn-based Cathodes by Tuning Orbital Hybridization,strong_candidate,metadata_error,access_blocked,unverified_access_blocked,,0,,https://doi.org/10.1002/anie.202501777,publisher page/API blocked on current network; do not interpret as no supplementary material
paper_835a7373c1ec8883,10.1002/anie.202501804,Wiley,Angewandte Chemie International Edition,Simple and Rapid Tumor EV Enrichment Enabled by Long DNA Probe-Guided Entanglement,weak_candidate,metadata_error,access_blocked,unverified_access_blocked,,0,,https://doi.org/10.1002/anie.202501804,publisher page/API blocked on current network; do not interpret as no supplementary material
paper_e9b3d00df2c93aab,10.1002/anie.202501898,Wiley,Angewandte Chemie International Edition,Carbon and Oxygen Double Defects-Enhanced Ru-Based Catalyst for Ammonia Decomposition,strong_candidate,metadata_error,access_blocked,unverified_access_blocked,,0,,https://doi.org/10.1002/anie.202501898,publisher page/API blocked on current network; do not interpret as no supplementary material
paper_576a04e49279b699,10.1002/anie.202502177,Wiley,Angewandte Chemie International Edition,Synergistic Catalysts for Lithium-Sulfur Batteries: Ni Single Atom and MoC Nanoclusters Composites,strong_candidate,metadata_error,access_blocked,unverified_access_blocked,,0,,https://doi.org/10.1002/anie.202502177,publisher page/API blocked on current network; do not interpret as no supplementary material
paper_dc8391eb488595de,10.1002/anie.202502513,Wiley,Angewandte Chemie International Edition,Ultra-Low Density Covalent Organic Framework Sponges with Exceptional Compression and Functional Performance,not_computational,metadata_error,access_blocked,unverified_access_blocked,,0,,https://doi.org/10.1002/anie.202502513,publisher page/API blocked on current network; do not interpret as no supplementary material
paper_3f3b4e24fbe400bf,10.1002/anie.202502890,Wiley,Angewandte Chemie International Edition,Introducing Photochemical Action Plots as a Tool for Unlocking On–Off Switchable Behavior in a Polymeric Eosin Y Photocatalyst,weak_candidate,metadata_error,access_blocked,confirmed_present_official_page,,1,pdf,https://onlinelibrary.wiley.com/doi/10.1002/anie.202502890,anie202502890-sup-0001-SuppMat.pdf (2.4 MB); direct download blocked by HTTP 403 on current egress
paper_8782082b7257f12a,10.1002/anie.202503109,Wiley,Angewandte Chemie International Edition,Redox-Mediated Lithium Recovery From Spent LiFePO<sub>4</sub> Stabilizes Ferricyanide Catholyte for Durable Zinc-Ferricyanide Flow Batteries,not_computational,metadata_error,access_blocked,unverified_access_blocked,,0,,https://doi.org/10.1002/anie.202503109,publisher page/API blocked on current network; do not interpret as no supplementary material
paper_71208d687f24917a,10.1002/anie.202503209,Wiley,Angewandte Chemie International Edition,Ion-Docking Effect Enabling Rechargeable High-Voltage Magnesium–Iodine/Chlorine Battery,not_computational,metadata_error,access_blocked,unverified_access_blocked,,0,,https://doi.org/10.1002/anie.202503209,publisher page/API blocked on current network; do not interpret as no supplementary material
paper_fc5b0aba3eaeb276,10.1002/anie.202503644,Wiley,Angewandte Chemie International Edition,Machine Learning-Accelerated Design of High-Efficient Lithium Adsorbents for Salt Lake Brines,weak_candidate,metadata_error,access_blocked,unverified_access_blocked,,0,,https://doi.org/10.1002/anie.202503644,publisher page/API blocked on current network; do not interpret as no supplementary material
paper_cff4b61d6f31aabd,10.1002/anie.202503693,Wiley,Angewandte Chemie International Edition,Wide Temperature 500 Wh kg<sup>−1</sup> Lithium Metal Pouch Cells,weak_candidate,metadata_error,access_blocked,unverified_access_blocked,,0,,https://doi.org/10.1002/anie.202503693,publisher page/API blocked on current network; do not interpret as no supplementary material
paper_41f5ddcc450755f5,10.1002/anie.202503702,Wiley,Angewandte Chemie International Edition,In Situ Cation Exchange Enables Air-Processed Inverted Perovskite Solar Cells with over 25% Efficiency and Enhanced Stability,not_computational,metadata_error,access_blocked,unverified_access_blocked,,0,,https://doi.org/10.1002/anie.202503702,publisher page/API blocked on current network; do not interpret as no supplementary material
paper_aa1a2e53835901d1,10.1002/anie.202503833,Wiley,Angewandte Chemie International Edition,Controlling the Chirality of Metallo-Cages by Manipulating the Stereochemistry of the Metal Centers,not_computational,metadata_error,access_blocked,unverified_access_blocked,,0,,https://doi.org/10.1002/anie.202503833,publisher page/API blocked on current network; do not interpret as no supplementary material
paper_55c5477ab91fb70e,10.1002/anie.202504155,Wiley,Angewandte Chemie International Edition,Staggered ABC-Stacking Cobalt-Triptycene Framework for Accelerating CO<sub>2</sub> Photoreduction,strong_candidate,metadata_error,access_blocked,unverified_access_blocked,,0,,https://doi.org/10.1002/anie.202504155,publisher page/API blocked on current network; do not interpret as no supplementary material
paper_9a096236f1c8da80,10.1002/anie.202504212,Wiley,Angewandte Chemie International Edition,Leaching-Induced Ti Trapping Stabilizes Amorphous IrO<sub>x</sub> for Proton Exchange Membrane Water Electrolysis,weak_candidate,metadata_error,access_blocked,unverified_access_blocked,,0,,https://doi.org/10.1002/anie.202504212,publisher page/API blocked on current network; do not interpret as no supplementary material
paper_861d6a93d64d30ea,10.1002/anie.202504470,Wiley,Angewandte Chemie International Edition,Native Mass Spectrometry Facilitates Hit Validation in DNA-Encoded Library Technology,not_computational,metadata_error,access_blocked,unverified_access_blocked,,0,,https://doi.org/10.1002/anie.202504470,publisher page/API blocked on current network; do not interpret as no supplementary material
paper_ab2311a725a11bc1,10.1002/anie.202505095,Wiley,Angewandte Chemie International Edition,Dynamic Migration-Pulling Polymer Electrolyte Design Strategy for Low-Temperature Lithium–Sulfur Batteries,strong_candidate,metadata_error,access_blocked,unverified_access_blocked,,0,,https://doi.org/10.1002/anie.202505095,publisher page/API blocked on current network; do not interpret as no supplementary material
paper_58a98ed05cb97c00,10.1002/anie.202505290,Wiley,Angewandte Chemie International Edition,DNA Nanotubule-Based Nanodevices with ATP-Responsive Gating for Direct Cytosolic Delivery of Nucleic Acids and Proteins,weak_candidate,metadata_error,access_blocked,unverified_access_blocked,,0,,https://doi.org/10.1002/anie.202505290,publisher page/API blocked on current network; do not interpret as no supplementary material
paper_106363814aa60815,10.1002/anie.202505297,Wiley,Angewandte Chemie International Edition,Photovoltaic Absorber “Glues” for Efficient Bifacial Selenium Photovoltaics,not_computational,metadata_error,access_blocked,unverified_access_blocked,,0,,https://doi.org/10.1002/anie.202505297,publisher page/API blocked on current network; do not interpret as no supplementary material
paper_f4e1c851203b1146,10.1002/anie.202505717,Wiley,Angewandte Chemie International Edition,Fast and Autonomous Mannosylated Nanomotors for Dynamic Cancer Cell Targeting,not_computational,metadata_error,access_blocked,unverified_access_blocked,,0,,https://doi.org/10.1002/anie.202505717,publisher page/API blocked on current network; do not interpret as no supplementary material
paper_4083b97d6fa78752,10.1002/anie.202506018,Wiley,Angewandte Chemie International Edition,Non-Precious Metal Catalysts with Gradient Oxidative Dual Sites Boost Bimolecular Activation for Catalytic Oxidation Reactions,strong_candidate,metadata_error,access_blocked,unverified_access_blocked,,0,,https://doi.org/10.1002/anie.202506018,publisher page/API blocked on current network; do not interpret as no supplementary material
paper_f08572b64f651398,10.1002/anie.202506118,Wiley,Angewandte Chemie International Edition,Ultrabright and Water-Stable Eu(III)-Based MOF Scintillators Sensitized by Dual-Antenna Ligands for Real-Time and Underwater X-Ray Imaging,not_computational,metadata_error,access_blocked,unverified_access_blocked,,0,,https://doi.org/10.1002/anie.202506118,publisher page/API blocked on current network; do not interpret as no supplementary material
paper_6c83ec068d6cea1e,10.1002/anie.202506349,Wiley,Angewandte Chemie International Edition,Co-sustained Release Strategy of Nonflammable Gel Polymer Electrolytes Enables Long-Life Sodium Metal Batteries,weak_candidate,metadata_error,access_blocked,unverified_access_blocked,,0,,https://doi.org/10.1002/anie.202506349,publisher page/API blocked on current network; do not interpret as no supplementary material
paper_fb8e7ddaf1060100,10.1002/anie.202506618,Wiley,Angewandte Chemie International Edition,Supramolecular Host–Guest Assemblies for Tunable and Modular Lysosome-Targeting Protein Degradation,not_computational,metadata_error,access_blocked,confirmed_present_official_page,,2,AVI;docx,https://onlinelibrary.wiley.com/doi/10.1002/anie.202506618,anie202506618-sup-0001-SuppMat.docx (146.5 MB); two AVI files; direct download blocked by HTTP 403 on current egress
paper_5eadf5b8ed333000,10.1002/anie.202507125,Wiley,Angewandte Chemie International Edition,ATP-Inducible Receptor Oligomerization Enables Fine-Tuning of T Cell Immunity,not_computational,metadata_error,access_blocked,unverified_access_blocked,,0,,https://doi.org/10.1002/anie.202507125,publisher page/API blocked on current network; do not interpret as no supplementary material
paper_aa4a5434352e1bf4,10.1002/anie.202507137,Wiley,Angewandte Chemie International Edition,Design Considerations of Ionic Conductive Elastomeric Electrolyte for Solid-State Zinc Metal Batteries with High Safety and Long Life,strong_candidate,metadata_error,access_blocked,unverified_access_blocked,,0,,https://doi.org/10.1002/anie.202507137,publisher page/API blocked on current network; do not interpret as no supplementary material
paper_185c32ee158b32f9,10.1002/anie.202507415,Wiley,Angewandte Chemie International Edition,Defective Poly(heptazine imide) Nanosheets for Efficient One-Step Two-Electron Photocatalytic O<sub>2</sub> Reduction to Medical-Like H<sub>2</sub>O<sub>2</sub>,strong_candidate,metadata_error,access_blocked,unverified_access_blocked,,0,,https://doi.org/10.1002/anie.202507415,publisher page/API blocked on current network; do not interpret as no supplementary material
paper_e9baee9642fa7667,10.1002/anie.202507624,Wiley,Angewandte Chemie International Edition,Reticular Synthesis of 3D Metal Cluster-Based COFs With Record High-Connectivity for Efficient Photocatalytic H<sub>2</sub>O<sub>2</sub> Synthesis,strong_candidate,metadata_error,access_blocked,unverified_access_blocked,,0,,https://doi.org/10.1002/anie.202507624,publisher page/API blocked on current network; do not interpret as no supplementary material
paper_38f5e4b40f3a5084,10.1002/anie.202507787,Wiley,Angewandte Chemie International Edition,Intermediate Layer-Engineered Lanthanide Nanoparticles Enable Deep Bioorthogonal Liver Tumor and Vascular Imaging via Switchable NIR-II Emissions,not_computational,metadata_error,access_blocked,unverified_access_blocked,,0,,https://doi.org/10.1002/anie.202507787,publisher page/API blocked on current network; do not interpret as no supplementary material
paper_bafba1b5c4ef37de,10.1002/anie.202508217,Wiley,Angewandte Chemie International Edition,Tunable Oxygen Vacancy Clusters Enhanced Catalytic Activity of CeO<sub>2</sub> Nanorods on CO<sub>2</sub> Cycloaddition,weak_candidate,metadata_error,access_blocked,unverified_access_blocked,,0,,https://doi.org/10.1002/anie.202508217,publisher page/API blocked on current network; do not interpret as no supplementary material
paper_939ad9ddb16d715f,10.1002/anie.202508555,Wiley,Angewandte Chemie International Edition,[TeSeS<sub>2</sub>]<sup>2−</sup>: The First Heterotriple-Chalcogenide Motifs Decode Giant Mid-Far Infrared Birefringence,strong_candidate,metadata_error,access_blocked,unverified_access_blocked,,0,,https://doi.org/10.1002/anie.202508555,publisher page/API blocked on current network; do not interpret as no supplementary material
paper_bf40286312495c86,10.1002/anie.202508556,Wiley,Angewandte Chemie International Edition,Boosting Performance of Quasi-Solid-State Zinc Ion Batteries via Zincophilic Solubilization,strong_candidate,metadata_error,access_blocked,unverified_access_blocked,,0,,https://doi.org/10.1002/anie.202508556,publisher page/API blocked on current network; do not interpret as no supplementary material
paper_f9727ca97dfac1dd,10.1002/anie.202508893,Wiley,Angewandte Chemie International Edition,A Synergistic Photocatalysis–Electrocatalysis System for Efficient Hydrogen Generation and Energy-Saving Benzylamine Oxidative Upgrading,not_computational,metadata_error,access_blocked,unverified_access_blocked,,0,,https://doi.org/10.1002/anie.202508893,publisher page/API blocked on current network; do not interpret as no supplementary material
paper_ea78e012834a9aca,10.1002/anie.202509085,Wiley,Angewandte Chemie International Edition,Quaternized-PAF Architecture Mediated Proton Channels to Enhance Ultra-Robust Operation for 200 °C Proton Exchange Membrane Fuel Cells,weak_candidate,metadata_error,access_blocked,unverified_access_blocked,,0,,https://doi.org/10.1002/anie.202509085,publisher page/API blocked on current network; do not interpret as no supplementary material
paper_3f7c32fc5500aeb4,10.1002/anie.202509342,Wiley,Angewandte Chemie International Edition,Universal Chemical Presodiation Under Air Condition for Highly Stable Na-deficient Oxide Cathodes,weak_candidate,metadata_error,access_blocked,unverified_access_blocked,,0,,https://doi.org/10.1002/anie.202509342,publisher page/API blocked on current network; do not interpret as no supplementary material
paper_bf3d93793b77e76f,10.1002/anie.202509415,Wiley,Angewandte Chemie International Edition,Structural Differentiation of Homologous Anisodimensional Frameworks Driven by Site-Selective Polymerization,strong_candidate,metadata_error,access_blocked,unverified_access_blocked,,0,,https://doi.org/10.1002/anie.202509415,publisher page/API blocked on current network; do not interpret as no supplementary material
paper_6696b91c63f7a21b,10.1002/anie.202509493,Wiley,Angewandte Chemie International Edition,Long-Range Electronically Polarized Fe-N<sub>5</sub> Catalysts Redirect Polymerization-Driven Phenolic Pollutant Removal Toward Sustainable Carbon Sequestration,weak_candidate,metadata_error,access_blocked,unverified_access_blocked,,0,,https://doi.org/10.1002/anie.202509493,publisher page/API blocked on current network; do not interpret as no supplementary material
paper_622d7d5762096e95,10.1002/anie.202509661,Wiley,Angewandte Chemie International Edition,Stepwise Acetylene Insertion and Ammonia Activation at a Digallene and Diindene,strong_candidate,metadata_error,access_blocked,confirmed_present_official_page,,1,docx,https://onlinelibrary.wiley.com/doi/10.1002/anie.202509661,anie202509661-sup-0001-SuppMat.docx (4.5 MB); direct download blocked by HTTP 403 on current egress
paper_73bdc34507708659,10.1002/anie.202510635,Wiley,Angewandte Chemie International Edition,Substrate-Adapted Active Site Self-Evolving Reconfiguration Boosting Catalytic Effect on Acetylene Semihydrogenation,strong_candidate,metadata_error,access_blocked,unverified_access_blocked,,0,,https://doi.org/10.1002/anie.202510635,publisher page/API blocked on current network; do not interpret as no supplementary material
paper_bdca6fc0c6d4c957,10.1002/anie.202510743,Wiley,Angewandte Chemie International Edition,S-doped Ag–Sn Alloy Hollow Microbox for High-Performance CO<sub>2</sub> Electroreduction to Formate,weak_candidate,metadata_error,access_blocked,unverified_access_blocked,,0,,https://doi.org/10.1002/anie.202510743,publisher page/API blocked on current network; do not interpret as no supplementary material
paper_5ec3049abcb82547,10.1002/anie.202510796,Wiley,Angewandte Chemie International Edition,"Assessing Fluorosulfonyl Pentafluorooxosulfate (FSO<sub>2</sub>–OSF<sub>5</sub>) Reservoir Capacity: Selective SOF<sub>4</sub>, SO<sub>2</sub>F<sub>2</sub>, and [OSF<sub>5</sub>]<sup>–</sup> Anion Release",strong_candidate,metadata_error,access_blocked,unverified_access_blocked,,0,,https://doi.org/10.1002/anie.202510796,publisher page/API blocked on current network; do not interpret as no supplementary material
paper_e4f59c4b3ef6b0e7,10.1002/anie.202510981,Wiley,Angewandte Chemie International Edition,Structural Insights Into Phase Formation of Sodium Layered Cathodes Materials with Prominent Electrochemical Performances,weak_candidate,metadata_error,access_blocked,unverified_access_blocked,,0,,https://doi.org/10.1002/anie.202510981,publisher page/API blocked on current network; do not interpret as no supplementary material
paper_771df1ff7d94d3e3,10.1002/anie.202511546,Wiley,Angewandte Chemie International Edition,"Asymmetric, Corner-Sharing CuO<sub>5</sub> and CuO<sub>6</sub> Motifs in Cu-Based Metallic Perovskite Oxides Boosting Asymmetric C─C Coupling for CO<sub>2</sub> Electroreduction to C<sub>2+</sub>",strong_candidate,metadata_error,access_blocked,unverified_access_blocked,,0,,https://doi.org/10.1002/anie.202511546,publisher page/API blocked on current network; do not interpret as no supplementary material
paper_2396aebf1ed349d6,10.1002/anie.202511921,Wiley,Angewandte Chemie International Edition,Thermally Activated Delayed Fluorescence Materials Featuring Multipathway Charge Transfer for High-Efficiency BT.2020-Compliant Deep-Blue OLEDs,strong_candidate,metadata_error,access_blocked,confirmed_present_official_page,,1,docx,https://onlinelibrary.wiley.com/doi/10.1002/anie.202511921,anie202511921-sup-0001-SuppMat.docx (15.9 MB); direct download blocked by HTTP 403 on current egress
paper_d44af119317df5f8,10.1016/j.checat.2023.100826,Elsevier,Chem Catalysis,Rhodium-catalyzed enantioselective C−Ge bond formation by carbene insertion: Efficient access to chiral organogermanes,weak_candidate,not_found,not_attempted,confirmed_present_official_cdn,,4,pdf;xlsx,https://ars.els-cdn.com/content/image/1-s2.0-S2667109323004062-mmc1.pdf;https://ars.els-cdn.com/content/image/1-s2.0-S2667109323004062-mmc2.pdf;https://ars.els-cdn.com/content/image/1-s2.0-S2667109323004062-mmc3.xlsx;https://ars.els-cdn.com/content/image/1-s2.0-S2667109323004062-mmc4.pdf,HTTP 206 range probe returned official attachment bytes; mmc1.pdf fully downloaded and validated (208 pages)
paper_72c1148371148a3b,10.1016/j.checat.2023.100898,Elsevier,Chem Catalysis,"Trinity of electrochemistry, photochemistry, and transition metal catalysis",not_computational,not_found,not_attempted,not_found_after_official_cdn_pattern_probe,,0,,https://linkinghub.elsevier.com/retrieve/pii/S2667109323004992,no hit for mmc1..mmc10 across pdf/docx/zip/xlsx/csv/txt/pptx/mp4/mov; absence not proven
paper_60aff457d220e165,10.1016/j.checat.2024.100948,Elsevier,Chem Catalysis,Enabling epoxidation and oxygen-atom transfer by leveraging the water-oxidation pathway,not_computational,not_found,not_attempted,not_found_after_official_cdn_pattern_probe,,0,,https://linkinghub.elsevier.com/retrieve/pii/S2667109324000721,no hit for mmc1..mmc10 across pdf/docx/zip/xlsx/csv/txt/pptx/mp4/mov; absence not proven
paper_c8524a3b298829b6,10.1016/j.checat.2024.101032,Elsevier,Chem Catalysis,Photoelectrode materials for photo-assisted electrochemical water treatment,not_computational,not_found,not_attempted,not_found_after_official_cdn_pattern_probe,,0,,https://linkinghub.elsevier.com/retrieve/pii/S2667109324001908,no hit for mmc1..mmc10 across pdf/docx/zip/xlsx/csv/txt/pptx/mp4/mov; absence not proven
paper_efc03bc677ce6530,10.1016/j.checat.2024.101125,Elsevier,Chem Catalysis,NHC-catalyzed remote site-selective arene C–H acylations,not_computational,not_found,not_attempted,not_found_after_official_cdn_pattern_probe,,0,,https://linkinghub.elsevier.com/retrieve/pii/S2667109324003129,no hit for mmc1..mmc10 across pdf/docx/zip/xlsx/csv/txt/pptx/mp4/mov; absence not proven
paper_ad9697a77a4c7da4,10.1016/j.checat.2024.101156,Elsevier,Chem Catalysis,Fine-tuning catalytic selectivity by modulating catalyst-environment interactions: CO<sub>2</sub> hydrogenation over Pd-based catalysts,weak_candidate,not_found,not_attempted,confirmed_present_official_cdn,,3,pdf,https://ars.els-cdn.com/content/image/1-s2.0-S266710932400349X-mmc1.pdf;https://ars.els-cdn.com/content/image/1-s2.0-S266710932400349X-mmc2.pdf;https://ars.els-cdn.com/content/image/1-s2.0-S266710932400349X-mmc3.pdf,HTTP 206 range probe returned official attachment bytes
paper_aeaaae990007d72d,10.1016/j.checat.2024.101169,Elsevier,Chem Catalysis,Symmetry-breaking CoN<sub>3</sub>S<sub>1</sub> centers enable inert chloride ion adsorption for facilitating self-driven overall seawater splitting,strong_candidate,not_found,not_attempted,confirmed_present_official_cdn,,3,pdf,https://ars.els-cdn.com/content/image/1-s2.0-S2667109324003622-mmc1.pdf;https://ars.els-cdn.com/content/image/1-s2.0-S2667109324003622-mmc2.pdf;https://ars.els-cdn.com/content/image/1-s2.0-S2667109324003622-mmc3.pdf,HTTP 206 range probe returned official attachment bytes
paper_fea473f40cee72f7,10.1016/j.checat.2024.101189,Elsevier,Chem Catalysis,Strong activity-based volcano-type relationship for dry reforming of methane through modulating Ni-CeO<sub>2</sub> interaction over Ni/CeO<sub>2</sub>-SiO<sub>2</sub> catalysts,strong_candidate,not_found,not_attempted,confirmed_present_official_cdn,,3,pdf,https://ars.els-cdn.com/content/image/1-s2.0-S2667109324003981-mmc1.pdf;https://ars.els-cdn.com/content/image/1-s2.0-S2667109324003981-mmc2.pdf;https://ars.els-cdn.com/content/image/1-s2.0-S2667109324003981-mmc3.pdf,HTTP 206 range probe returned official attachment bytes
paper_8a3766269af7da9d,10.1016/j.checat.2025.101303,Elsevier,Chem Catalysis,Durability of PGM catalyst MEAs of polymer electrolyte membrane fuel cells for heavy-duty vehicles,not_computational,not_found,not_attempted,confirmed_present_official_cdn,,3,pdf,https://ars.els-cdn.com/content/image/1-s2.0-S2667109325000417-mmc1.pdf;https://ars.els-cdn.com/content/image/1-s2.0-S2667109325000417-mmc2.pdf;https://ars.els-cdn.com/content/image/1-s2.0-S2667109325000417-mmc3.pdf,HTTP 206 range probe returned official attachment bytes
paper_52ae3e4d9a949104,10.1016/j.checat.2025.101322,Elsevier,Chem Catalysis,Will biohybrid or tandem CO<sub>2</sub> electrolysis prevail?,not_computational,not_found,not_attempted,confirmed_present_official_cdn,,4,pdf;xlsx,https://ars.els-cdn.com/content/image/1-s2.0-S2667109325000600-mmc1.pdf;https://ars.els-cdn.com/content/image/1-s2.0-S2667109325000600-mmc2.xlsx;https://ars.els-cdn.com/content/image/1-s2.0-S2667109325000600-mmc3.xlsx;https://ars.els-cdn.com/content/image/1-s2.0-S2667109325000600-mmc4.pdf,HTTP 206 range probe returned official attachment bytes
paper_1aa8877dbca091e8,10.1016/j.checat.2025.101392,Elsevier,Chem Catalysis,Waste oxidation as a pathway to energy-efficient electrochemical processes,not_computational,not_found,not_attempted,not_found_after_official_cdn_pattern_probe,,0,,https://linkinghub.elsevier.com/retrieve/pii/S2667109325001307,no hit for mmc1..mmc10 across pdf/docx/zip/xlsx/csv/txt/pptx/mp4/mov; absence not proven
paper_e46a3163f21a5ae5,10.1016/j.checat.2025.101417,Elsevier,Chem Catalysis,Photothermal transformation of ethane to ethylene oxide via consecutive dehydrogenation and epoxidation reactions,not_computational,not_found,not_attempted,confirmed_present_official_cdn,,4,mp4;pdf,https://ars.els-cdn.com/content/image/1-s2.0-S2667109325001551-mmc1.pdf;https://ars.els-cdn.com/content/image/1-s2.0-S2667109325001551-mmc2.pdf;https://ars.els-cdn.com/content/image/1-s2.0-S2667109325001551-mmc3.mp4;https://ars.els-cdn.com/content/image/1-s2.0-S2667109325001551-mmc4.pdf,HTTP 206 range probe returned official attachment bytes
paper_16de448aa1bfb3c9,10.1016/j.checat.2025.101437,Elsevier,Chem Catalysis,Nanoscale-heat-management-enhanced photothermal methane dry reforming with carbon dioxide,weak_candidate,not_found,not_attempted,confirmed_present_official_cdn,,3,pdf,https://ars.els-cdn.com/content/image/1-s2.0-S2667109325001757-mmc1.pdf;https://ars.els-cdn.com/content/image/1-s2.0-S2667109325001757-mmc2.pdf;https://ars.els-cdn.com/content/image/1-s2.0-S2667109325001757-mmc3.pdf,HTTP 206 range probe returned official attachment bytes
paper_38f6820e80062cf3,10.1016/j.chempr.2023.10.002,Elsevier,Chem,Autonomous oscillatory movement of sensory protocells in stratified chemical media,not_computational,not_found,not_attempted,confirmed_present_official_cdn,,4,mp4;pdf,https://ars.els-cdn.com/content/image/1-s2.0-S2451929423005090-mmc1.pdf;https://ars.els-cdn.com/content/image/1-s2.0-S2451929423005090-mmc2.mp4;https://ars.els-cdn.com/content/image/1-s2.0-S2451929423005090-mmc3.mp4;https://ars.els-cdn.com/content/image/1-s2.0-S2451929423005090-mmc4.mp4,HTTP 206 range probe returned official attachment bytes
paper_eeafb24df3a34ab6,10.1016/j.chempr.2023.12.018,Elsevier,Chem,Hacking decarbonization with a community-operated CreatorSpace,weak_candidate,not_found,not_attempted,confirmed_present_official_cdn,,1,mp4,https://ars.els-cdn.com/content/image/1-s2.0-S2451929423006198-mmc1.mp4,HTTP 206 range probe returned official attachment bytes
paper_6dc1bf9a0971b949,10.1016/j.chempr.2024.01.005,Elsevier,Chem,Logic operation and real-time communication via tunable excited states in a single-molecule optoelectronic chip,not_computational,not_found,not_attempted,confirmed_present_official_cdn,,2,pdf,https://ars.els-cdn.com/content/image/1-s2.0-S2451929424000093-mmc1.pdf;https://ars.els-cdn.com/content/image/1-s2.0-S2451929424000093-mmc2.pdf,HTTP 206 range probe returned official attachment bytes
paper_f399a08214dddf7b,10.1016/j.chempr.2024.01.019,Elsevier,Chem,Mechanically flexible piezoelectric organic single crystals for electrical energy harvesting,not_computational,not_found,not_attempted,confirmed_present_official_cdn,,4,mp4;pdf,https://ars.els-cdn.com/content/image/1-s2.0-S2451929424000408-mmc1.pdf;https://ars.els-cdn.com/content/image/1-s2.0-S2451929424000408-mmc2.mp4;https://ars.els-cdn.com/content/image/1-s2.0-S2451929424000408-mmc3.mp4;https://ars.els-cdn.com/content/image/1-s2.0-S2451929424000408-mmc4.mp4,HTTP 206 range probe returned official attachment bytes
paper_c2ea9d099dc55c1e,10.1016/j.chempr.2024.02.010,Elsevier,Chem,Genetically enabling phosphorus fluoride exchange click chemistry in proteins,not_computational,not_found,not_attempted,confirmed_present_official_cdn,,2,pdf,https://ars.els-cdn.com/content/image/1-s2.0-S245192942400072X-mmc1.pdf;https://ars.els-cdn.com/content/image/1-s2.0-S245192942400072X-mmc2.pdf,HTTP 206 range probe returned official attachment bytes
paper_689114e44fec8b49,10.1016/j.chempr.2024.04.009,Elsevier,Chem,A selectivity switch for CO<sub>2</sub> electroreduction by continuously tuned semi-coherent interface,strong_candidate,not_found,not_attempted,confirmed_present_official_cdn,,2,pdf,https://ars.els-cdn.com/content/image/1-s2.0-S2451929424001736-mmc1.pdf;https://ars.els-cdn.com/content/image/1-s2.0-S2451929424001736-mmc2.pdf,HTTP 206 range probe returned official attachment bytes
paper_27e58e0dceb03e10,10.1016/j.chempr.2024.05.010,Elsevier,Chem,Information transduction via fuel-controlled chemical waves,not_computational,not_found,not_attempted,confirmed_present_official_cdn,,2,pdf,https://ars.els-cdn.com/content/image/1-s2.0-S2451929424002316-mmc1.pdf;https://ars.els-cdn.com/content/image/1-s2.0-S2451929424002316-mmc2.pdf,HTTP 206 range probe returned official attachment bytes
paper_f304783f1ded52ac,10.1016/j.chempr.2024.05.012,Elsevier,Chem,The tension-activated carbon–carbon bond,strong_candidate,not_found,not_attempted,confirmed_present_official_cdn,,3,pdf;zip,https://ars.els-cdn.com/content/image/1-s2.0-S245192942400233X-mmc1.pdf;https://ars.els-cdn.com/content/image/1-s2.0-S245192942400233X-mmc2.zip;https://ars.els-cdn.com/content/image/1-s2.0-S245192942400233X-mmc3.pdf,HTTP 206 range probe returned official attachment bytes
paper_27f0bc157ac092be,10.1016/j.chempr.2024.06.015,Elsevier,Chem,Steric-confinement Rh2/MoS2 dual-atom catalyst directionally modulating adsorption configuration of ester group to boost ethanol synthesis,strong_candidate,not_found,not_attempted,confirmed_present_official_cdn,,2,pdf,https://ars.els-cdn.com/content/image/1-s2.0-S2451929424002948-mmc1.pdf;https://ars.els-cdn.com/content/image/1-s2.0-S2451929424002948-mmc2.pdf,HTTP 206 range probe returned official attachment bytes
paper_87d26f8be373c955,10.1016/j.chempr.2024.06.026,Elsevier,Chem,Reaction: The challenge of open-shell transition metal catalysis in “systems chemistry”,weak_candidate,not_found,not_attempted,not_found_after_official_cdn_pattern_probe,,0,,https://linkinghub.elsevier.com/retrieve/pii/S245192942400305X,no hit for mmc1..mmc10 across pdf/docx/zip/xlsx/csv/txt/pptx/mp4/mov; absence not proven
paper_ec39f6182a99bc16,10.1016/j.chempr.2024.07.016,Elsevier,Chem,Identifying the lithium bond and lithium ionic bond in electrolytes,strong_candidate,not_found,not_attempted,confirmed_present_official_cdn,,2,pdf,https://ars.els-cdn.com/content/image/1-s2.0-S2451929424003590-mmc1.pdf;https://ars.els-cdn.com/content/image/1-s2.0-S2451929424003590-mmc2.pdf,HTTP 206 range probe returned official attachment bytes
paper_f71cee68be27ed84,10.1016/j.chempr.2024.07.035,Elsevier,Chem,Energy transfer-based X-ray imaging scintillators,strong_candidate,not_found,not_attempted,not_found_after_official_cdn_pattern_probe,,0,,https://linkinghub.elsevier.com/retrieve/pii/S2451929424003784,no hit for mmc1..mmc10 across pdf/docx/zip/xlsx/csv/txt/pptx/mp4/mov; absence not proven
paper_49a612225e3bfea7,10.1016/j.chempr.2024.08.017,Elsevier,Chem,Microenvironment engineering of non-noble metal alloy for selective propane dehydrogenation,weak_candidate,not_found,not_attempted,confirmed_present_official_cdn,,2,pdf,https://ars.els-cdn.com/content/image/1-s2.0-S2451929424004327-mmc1.pdf;https://ars.els-cdn.com/content/image/1-s2.0-S2451929424004327-mmc2.pdf,HTTP 206 range probe returned official attachment bytes
paper_15775a6ebd1500bc,10.1016/j.chempr.2024.08.023,Elsevier,Chem,Post-synthetic tuning of metal coordination on entangled scaffolds,not_computational,not_found,not_attempted,not_found_after_official_cdn_pattern_probe,,0,,https://linkinghub.elsevier.com/retrieve/pii/S2451929424004388,no hit for mmc1..mmc10 across pdf/docx/zip/xlsx/csv/txt/pptx/mp4/mov; absence not proven
paper_4c14d23778fcf140,10.1016/j.chempr.2024.09.003,Elsevier,Chem,The legacy of Professor Li-Xin Dai: Organometallic and asymmetric catalysis,not_computational,not_found,not_attempted,not_found_after_official_cdn_pattern_probe,,0,,https://linkinghub.elsevier.com/retrieve/pii/S245192942400442X,no hit for mmc1..mmc10 across pdf/docx/zip/xlsx/csv/txt/pptx/mp4/mov; absence not proven
paper_d1998c61bdeb3acb,10.1016/j.chempr.2024.09.005,Elsevier,Chem,Non-fluorinated electrolytes with micelle-like solvation for ultra-high-energy-density lithium metal batteries,weak_candidate,not_found,not_attempted,confirmed_present_official_cdn,,3,pdf,https://ars.els-cdn.com/content/image/1-s2.0-S2451929424004728-mmc1.pdf;https://ars.els-cdn.com/content/image/1-s2.0-S2451929424004728-mmc2.pdf;https://ars.els-cdn.com/content/image/1-s2.0-S2451929424004728-mmc3.pdf,HTTP 206 range probe returned official attachment bytes
paper_7cd1f90a942f59a8,10.1016/j.chempr.2024.09.017,Elsevier,Chem,Engineering a photoenzyme to use red light,weak_candidate,not_found,not_attempted,confirmed_present_official_cdn,,2,pdf,https://ars.els-cdn.com/content/image/1-s2.0-S2451929424004868-mmc1.pdf;https://ars.els-cdn.com/content/image/1-s2.0-S2451929424004868-mmc2.pdf,HTTP 206 range probe returned official attachment bytes
paper_22ced74da2d84af7,10.1016/j.chempr.2024.09.024,Elsevier,Chem,Boosting narrow-band near-infrared-emitting efficiency of thulium by lattice modulation for reflective absorption bioimaging,strong_candidate,not_found,not_attempted,confirmed_present_official_cdn,,2,pdf,https://ars.els-cdn.com/content/image/1-s2.0-S2451929424004935-mmc1.pdf;https://ars.els-cdn.com/content/image/1-s2.0-S2451929424004935-mmc2.pdf,HTTP 206 range probe returned official attachment bytes
paper_3659efabffc5c4d6,10.1016/j.chempr.2024.09.029,Elsevier,Chem,Cluster-based redox-responsive super-atomic MRI contrast agents,not_computational,not_found,not_attempted,confirmed_present_official_cdn,,2,pdf,https://ars.els-cdn.com/content/image/1-s2.0-S2451929424004984-mmc1.pdf;https://ars.els-cdn.com/content/image/1-s2.0-S2451929424004984-mmc2.pdf,HTTP 206 range probe returned official attachment bytes
paper_16e4cbffd7fa506a,10.1016/j.chempr.2024.10.020,Elsevier,Chem,Enhancing multi-resonance thermally activated delayed fluorescence emission via through-space heavy-atom effect,strong_candidate,not_found,not_attempted,confirmed_present_official_cdn,,2,pdf,https://ars.els-cdn.com/content/image/1-s2.0-S2451929424005461-mmc1.pdf;https://ars.els-cdn.com/content/image/1-s2.0-S2451929424005461-mmc2.pdf,HTTP 206 range probe returned official attachment bytes
paper_ea4ebc61b4cb5f37,10.1016/j.chempr.2024.102391,Elsevier,Chem,Oxygen-tolerant photocatalytic conversion of simulated flue gas to ethylene,weak_candidate,not_found,not_attempted,confirmed_present_official_cdn,,2,pdf,https://ars.els-cdn.com/content/image/1-s2.0-S2451929424006363-mmc1.pdf;https://ars.els-cdn.com/content/image/1-s2.0-S2451929424006363-mmc2.pdf,HTTP 206 range probe returned official attachment bytes
paper_4cbe0970968199eb,10.1016/j.chempr.2024.102394,Elsevier,Chem,Overcoming key challenges: Next-generation synthetic anion transporters,not_computational,not_found,not_attempted,not_found_after_official_cdn_pattern_probe,,0,,https://linkinghub.elsevier.com/retrieve/pii/S2451929424006399,no hit for mmc1..mmc10 across pdf/docx/zip/xlsx/csv/txt/pptx/mp4/mov; absence not proven
paper_c1c5aa10d8c6bc07,10.1016/j.chempr.2025.102546,Elsevier,Chem,"Polar π stacking for metal-free near, remote, and ultra-remote C–H coupling with aryliodanes",weak_candidate,not_found,not_attempted,confirmed_present_official_cdn,,4,pdf,https://ars.els-cdn.com/content/image/1-s2.0-S2451929425001366-mmc1.pdf;https://ars.els-cdn.com/content/image/1-s2.0-S2451929425001366-mmc2.pdf;https://ars.els-cdn.com/content/image/1-s2.0-S2451929425001366-mmc3.pdf;https://ars.els-cdn.com/content/image/1-s2.0-S2451929425001366-mmc4.pdf,HTTP 206 range probe returned official attachment bytes
paper_0910b099ce7d9131,10.1016/j.chempr.2025.102621,Elsevier,Chem,Manipulation of intramolecular charge transfer in NIR-II emissive organic diradicaloids via a symmetry-breaking design,weak_candidate,not_found,not_attempted,confirmed_present_official_cdn,,3,pdf,https://ars.els-cdn.com/content/image/1-s2.0-S2451929425002116-mmc1.pdf;https://ars.els-cdn.com/content/image/1-s2.0-S2451929425002116-mmc2.pdf;https://ars.els-cdn.com/content/image/1-s2.0-S2451929425002116-mmc3.pdf,HTTP 206 range probe returned official attachment bytes
paper_bcbaa16108839bac,10.1016/j.chempr.2025.102644,Elsevier,Chem,Accurate computational design of artificial metalloproteins using Metal-Installer,not_computational,not_found,not_attempted,confirmed_present_official_cdn,,2,pdf,https://ars.els-cdn.com/content/image/1-s2.0-S2451929425002347-mmc1.pdf;https://ars.els-cdn.com/content/image/1-s2.0-S2451929425002347-mmc2.pdf,HTTP 206 range probe returned official attachment bytes
paper_87e053914fc51d67,10.1021/acs.accounts.3c00665,ACS,Accounts of Chemical Research,Single Sample Molecular Chronology,weak_candidate,metadata_error,access_blocked,unverified_access_blocked,,0,,https://doi.org/10.1021/acs.accounts.3c00665,publisher page/API blocked on current network; do not interpret as no supplementary material
paper_b545a498133655ef,10.1021/acs.accounts.3c00804,ACS,Accounts of Chemical Research,Chiral Aldehyde Catalysis-Enabled Asymmetric α-Functionalization of Activated Primary Amines,weak_candidate,metadata_error,access_blocked,unverified_access_blocked,,0,,https://doi.org/10.1021/acs.accounts.3c00804,publisher page/API blocked on current network; do not interpret as no supplementary material
paper_75b7c4cd9f2fa1ca,10.1021/acs.accounts.4c00006,ACS,Accounts of Chemical Research,Mechanically Interlocked Polymers with Dense Mechanical Bonds,weak_candidate,metadata_error,access_blocked,unverified_access_blocked,,0,,https://doi.org/10.1021/acs.accounts.4c00006,publisher page/API blocked on current network; do not interpret as no supplementary material
paper_9409a19410bd0f1c,10.1021/acs.accounts.4c00044,ACS,Accounts of Chemical Research,"“Matching Rule” for Generation, Modulation and Amplification of Circularly Polarized Luminescence",not_computational,metadata_error,access_blocked,unverified_access_blocked,,0,,https://doi.org/10.1021/acs.accounts.4c00044,publisher page/API blocked on current network; do not interpret as no supplementary material
paper_8c6afd340e945664,10.1021/acs.accounts.4c00095,ACS,Accounts of Chemical Research,Toward Self-Driven Autonomous Material and Device Acceleration Platforms (AMADAP) for Emerging Photovoltaics Technologies,not_computational,metadata_error,access_blocked,unverified_access_blocked,,0,,https://doi.org/10.1021/acs.accounts.4c00095,publisher page/API blocked on current network; do not interpret as no supplementary material
paper_d9036ca4777ef233,10.1021/acs.accounts.4c00309,ACS,Accounts of Chemical Research,Dual Nickel- and Photoredox-Catalyzed Asymmetric Reductive Cross-Couplings: Just a Change of the Reduction System?,weak_candidate,metadata_error,access_blocked,unverified_access_blocked,,0,,https://doi.org/10.1021/acs.accounts.4c00309,publisher page/API blocked on current network; do not interpret as no supplementary material
paper_6caddec10a6693cc,10.1021/acs.accounts.4c00440,ACS,Accounts of Chemical Research,Kinetic Studies of CO<sub>2</sub> Insertion into Metal–Element σ-Bonds,strong_candidate,metadata_error,access_blocked,unverified_access_blocked,,0,,https://doi.org/10.1021/acs.accounts.4c00440,publisher page/API blocked on current network; do not interpret as no supplementary material
paper_e8481d2e366ef022,10.1021/acs.accounts.4c00517,ACS,Accounts of Chemical Research,Photocatalysis with Covalent Organic Frameworks,not_computational,metadata_error,access_blocked,unverified_access_blocked,,0,,https://doi.org/10.1021/acs.accounts.4c00517,publisher page/API blocked on current network; do not interpret as no supplementary material
paper_1468893233c1a588,10.1021/acs.accounts.4c00548,ACS,Accounts of Chemical Research,Photoresponsive Chemistries for User-Directed Hydrogel Network Modulation to Investigate Cell–Matrix Interactions,not_computational,metadata_error,access_blocked,unverified_access_blocked,,0,,https://doi.org/10.1021/acs.accounts.4c00548,publisher page/API blocked on current network; do not interpret as no supplementary material
paper_dab53109d817f078,10.1021/acs.accounts.4c00580,ACS,Accounts of Chemical Research,Sequence-Defined DNA Polymers: New Tools for DNA Nanotechnology and Nucleic Acid Therapy,weak_candidate,metadata_error,access_blocked,unverified_access_blocked,,0,,https://doi.org/10.1021/acs.accounts.4c00580,publisher page/API blocked on current network; do not interpret as no supplementary material
paper_6f00be3f294497f9,10.1021/acs.accounts.4c00640,ACS,Accounts of Chemical Research,Expanding Horizons in Quantum Chemical Studies: The Versatile Power of MRSF-TDDFT,strong_candidate,metadata_error,access_blocked,unverified_access_blocked,,0,,https://doi.org/10.1021/acs.accounts.4c00640,publisher page/API blocked on current network; do not interpret as no supplementary material
paper_d41a8e5578bd836d,10.1021/acs.accounts.4c00764,ACS,Accounts of Chemical Research,Electrochemical Sensing Mechanisms and Interfacial Design Strategies of Mesoporous Nanochannel Membranes in Biosensing Applications,not_computational,metadata_error,access_blocked,unverified_access_blocked,,0,,https://doi.org/10.1021/acs.accounts.4c00764,publisher page/API blocked on current network; do not interpret as no supplementary material
paper_2ec3279af75b5dc9,10.1021/acs.accounts.4c00796,ACS,,,not_computational,metadata_error,timeout,unverified_access_blocked,,0,,,publisher page/API blocked on current network; do not interpret as no supplementary material
paper_744c86eea4567ab3,10.1021/acs.accounts.4c00799,ACS,Accounts of Chemical Research,Two-Dimensional Heteropore Covalent Organic Frameworks: From Construction to Functions,not_computational,metadata_error,access_blocked,unverified_access_blocked,,0,,https://doi.org/10.1021/acs.accounts.4c00799,publisher page/API blocked on current network; do not interpret as no supplementary material
paper_18f7e4ab9987ce11,10.1021/acs.accounts.5c00072,ACS,Accounts of Chemical Research,Let There Be Heat: Silica-Coated Gold Nanoparticles as Photothermal Reactors for Chemical Synthesis,not_computational,metadata_error,access_blocked,unverified_access_blocked,,0,,https://doi.org/10.1021/acs.accounts.5c00072,publisher page/API blocked on current network; do not interpret as no supplementary material
paper_1b575f450cd42671,10.1021/acs.accounts.5c00152,ACS,Accounts of Chemical Research,Multicomponent Polymerizations Provide Sustainable Sulfur (Selenium)-Containing Polyesters,weak_candidate,metadata_error,access_blocked,unverified_access_blocked,,0,,https://doi.org/10.1021/acs.accounts.5c00152,publisher page/API blocked on current network; do not interpret as no supplementary material
paper_c92edbc5b3a85f43,10.1021/acs.accounts.5c00251,ACS,Accounts of Chemical Research,Nonconjugated Polyesters Emitting Full-Color Clusteroluminescence,weak_candidate,metadata_error,access_blocked,unverified_access_blocked,,0,,https://doi.org/10.1021/acs.accounts.5c00251,publisher page/API blocked on current network; do not interpret as no supplementary material
paper_1ab58048f76b192f,10.1021/acs.accounts.5c00304,ACS,Accounts of Chemical Research,Induced-Fit Chiral <i>N</i>-Heterocyclic Carbene Ligands for Asymmetric Catalysis,weak_candidate,metadata_error,access_blocked,unverified_access_blocked,,0,,https://doi.org/10.1021/acs.accounts.5c00304,publisher page/API blocked on current network; do not interpret as no supplementary material
paper_407174364e68337c,10.1021/acs.accounts.5c00328,ACS,Accounts of Chemical Research,"Zigzag-Type Molecular Belts: Synthesis, Structure, and Properties",not_computational,metadata_error,access_blocked,unverified_access_blocked,,0,,https://doi.org/10.1021/acs.accounts.5c00328,publisher page/API blocked on current network; do not interpret as no supplementary material
paper_feb71060d566c6a9,10.1021/acs.accounts.5c00370,ACS,Accounts of Chemical Research,"Asymmetric Catalytic Radical Reactions Enabled by Chiral <i>N</i>,<i>N</i>′-Dioxide–Metal Complexes",weak_candidate,metadata_error,access_blocked,unverified_access_blocked,,0,,https://doi.org/10.1021/acs.accounts.5c00370,publisher page/API blocked on current network; do not interpret as no supplementary material
paper_01f8cc14a946c588,10.1021/acscatal.4c02998,ACS,ACS Catalysis,A Career in Catalysis: Raymond J. Gorte,weak_candidate,metadata_error,access_blocked,unverified_access_blocked,,0,,https://doi.org/10.1021/acscatal.4c02998,publisher page/API blocked on current network; do not interpret as no supplementary material
paper_86ba3a7bf57f313a,10.1021/acscatal.4c03560,ACS,ACS Catalysis,Alcohols as Alkyl Synthons Enabled by Photoredox-Catalyzed Deoxygenative Activation,not_computational,metadata_error,access_blocked,unverified_access_blocked,,0,,https://doi.org/10.1021/acscatal.4c03560,publisher page/API blocked on current network; do not interpret as no supplementary material
paper_bc64c505bcd4bcb1,10.1021/acscatal.4c03566,ACS,ACS Catalysis,Photocatalysis on Hybrid Plasmonic Nanomaterials: From Catalytic Mechanism Study at Single-Particle Level to Materials Design,weak_candidate,metadata_error,access_blocked,unverified_access_blocked,,0,,https://doi.org/10.1021/acscatal.4c03566,publisher page/API blocked on current network; do not interpret as no supplementary material
paper_ada19bc8ff901d5a,10.1021/acscatal.4c07064,ACS,,,not_computational,metadata_error,access_blocked,unverified_access_blocked,,0,,,publisher page/API blocked on current network; do not interpret as no supplementary material
paper_ed0b61989c030289,10.1021/acscatal.4c07316,ACS,ACS Catalysis,Visible-Light-Induced Energy-Transfer-Mediated Hydrofunctionalization and Difunctionalization of Unsaturated Compounds via Sigma-Bond Homolysis of Energy-Transfer Acceptors,weak_candidate,metadata_error,access_blocked,unverified_access_blocked,,0,,https://doi.org/10.1021/acscatal.4c07316,publisher page/API blocked on current network; do not interpret as no supplementary material
paper_651ab3cecd5b48eb,10.1021/acscatal.5c00393,ACS,,,weak_candidate,metadata_error,access_blocked,unverified_access_blocked,,0,,,publisher page/API blocked on current network; do not interpret as no supplementary material
paper_4275266d59689ff4,10.1021/acscatal.5c00777,ACS,ACS Catalysis,Correction to “Assessment of the Reaction Location of Skeletal 1-Butene Isomerization over Ferrierite”,not_computational,metadata_error,access_blocked,unverified_access_blocked,,0,,https://doi.org/10.1021/acscatal.5c00777,publisher page/API blocked on current network; do not interpret as no supplementary material
paper_37db040a9def7fae,10.1021/acscatal.5c00817,ACS,ACS Catalysis,Correction to “Structural Effects of FeN<sub>4</sub> Active Sites Surrounded by Fourteen-Membered Ring Ligands on Oxygen Reduction Reaction Activity and Durability”,not_computational,metadata_error,access_blocked,unverified_access_blocked,,0,,https://doi.org/10.1021/acscatal.5c00817,publisher page/API blocked on current network; do not interpret as no supplementary material
paper_19c7bacdee526ce3,10.1021/acscatal.5c00903,ACS,ACS Catalysis,"Electrocatalysts for the Oxygen Reduction Reaction in Proton Exchange Membrane Fuel Cells: Significant Advances, Major Challenges, and Future Directions",strong_candidate,metadata_error,access_blocked,unverified_access_blocked,,0,,https://doi.org/10.1021/acscatal.5c00903,publisher page/API blocked on current network; do not interpret as no supplementary material
paper_0bc9fa99446fa7c7,10.1021/acscatal.5c02591,ACS,ACS Catalysis,A Career in Catalysis: Gianfranco Pacchioni,weak_candidate,metadata_error,access_blocked,unverified_access_blocked,,0,,https://doi.org/10.1021/acscatal.5c02591,publisher page/API blocked on current network; do not interpret as no supplementary material
paper_1432de2cbb3a1582,10.1021/acscentsci.4c00192,ACS,ACS Central Science,A Conversation with Loreto Paulino Jr.,not_computational,metadata_error,timeout,unverified_access_blocked,,0,,https://doi.org/10.1021/acscentsci.4c00192,publisher page/API blocked on current network; do not interpret as no supplementary material
paper_7e8aac8a1a0d3a30,10.1021/acscentsci.4c00545,ACS,ACS Central Science,Recent Applications of Photothermal Conversion in Organic Synthesis,not_computational,metadata_error,access_blocked,unverified_access_blocked,,0,,https://doi.org/10.1021/acscentsci.4c00545,publisher page/API blocked on current network; do not interpret as no supplementary material
paper_d8bcbb18efea3486,10.1021/acscentsci.4c00850,ACS,ACS Central Science,The Animation Lab Brings Molecules to Life,not_computational,metadata_error,access_blocked,unverified_access_blocked,,0,,https://doi.org/10.1021/acscentsci.4c00850,publisher page/API blocked on current network; do not interpret as no supplementary material
paper_95454754db55ba65,10.1021/acscentsci.4c01409,ACS,ACS Central Science,Fantastic Frustrated Materials–and Where to Find Them,not_computational,metadata_error,access_blocked,unverified_access_blocked,,0,,https://doi.org/10.1021/acscentsci.4c01409,publisher page/API blocked on current network; do not interpret as no supplementary material
paper_2bd672968f7a759f,10.1021/acscentsci.4c01682,ACS,ACS Central Science,NSF NeXUS: A New Model for Accessing the Frontiers of Ultrafast Science,not_computational,metadata_error,access_blocked,unverified_access_blocked,,0,,https://doi.org/10.1021/acscentsci.4c01682,publisher page/API blocked on current network; do not interpret as no supplementary material
paper_db53824a1ab132e0,10.1021/acscentsci.4c01834,ACS,ACS Central Science,Stimuli-Responsive Polymers Prevent Severe Hypoglycemia,not_computational,metadata_error,access_blocked,unverified_access_blocked,,0,,https://doi.org/10.1021/acscentsci.4c01834,publisher page/API blocked on current network; do not interpret as no supplementary material
paper_46e837aa0dfa6c27,10.1021/csv015i012_1949185,ACS,ACS Catalysis,Issue Editorial Masthead,not_computational,metadata_error,access_blocked,unverified_access_blocked,,0,,https://doi.org/10.1021/csv015i012_1949185,publisher page/API blocked on current network; do not interpret as no supplementary material
paper_2e21748f0561b51a,10.1021/csv015i013_1955197,ACS,ACS Catalysis,Issue Editorial Masthead,not_computational,metadata_error,access_blocked,unverified_access_blocked,,0,,https://doi.org/10.1021/csv015i013_1955197,publisher page/API blocked on current network; do not interpret as no supplementary material
paper_68b48d997c44e065,10.1021/jacs.2c03239,ACS,Journal of the American Chemical Society,Retraction of “Set of Cytochrome P450s Cooperatively Catalyzes the Synthesis of a Highly Oxidized and Rearranged Diterpene-Class Sordarinane Architecture”,not_computational,metadata_error,access_blocked,unverified_access_blocked,,0,,https://doi.org/10.1021/jacs.2c03239,publisher page/API blocked on current network; do not interpret as no supplementary material
paper_3f6aae4f638769ee,10.1021/jacs.4c03484,ACS,Journal of the American Chemical Society,How to Stabilize Large Soluble (Hetero-)Acenes,not_computational,metadata_error,access_blocked,unverified_access_blocked,,0,,https://doi.org/10.1021/jacs.4c03484,publisher page/API blocked on current network; do not interpret as no supplementary material
paper_a846eb3640428500,10.1021/jacs.4c08163,ACS,Journal of the American Chemical Society,Molecular Editing of Ketones through <i>N</i>-Heterocyclic Carbene and Photo Dual Catalysis,weak_candidate,metadata_error,access_blocked,confirmed_present_official_page,,1,zip,https://pubs.acs.org/doi/10.1021/jacs.4c08163,ja4c08163_si_001.zip (15.74 MB); direct download and Figshare API blocked by HTTP 403 on current egress
paper_543abb8e72a6ef41,10.1021/jacs.4c09259,ACS,Journal of the American Chemical Society,Reticular Chemistry for Enhancing Bioentity Stability and Functional Performance,weak_candidate,metadata_error,access_blocked,unverified_access_blocked,,0,,https://doi.org/10.1021/jacs.4c09259,publisher page/API blocked on current network; do not interpret as no supplementary material
paper_b90a2fc3d491dfd6,10.1021/jacs.4c11890,ACS,,,not_computational,metadata_error,access_blocked,unverified_access_blocked,,0,,,publisher page/API blocked on current network; do not interpret as no supplementary material
paper_cbd4b18dee434221,10.1021/jacs.4c12974,ACS,Journal of the American Chemical Society,Surface Magnetic Stabilization and the Photoemission Chiral-Induced Spin-Selectivity Effect,not_computational,metadata_error,access_blocked,unverified_access_blocked,,0,,https://doi.org/10.1021/jacs.4c12974,publisher page/API blocked on current network; do not interpret as no supplementary material
paper_61b5b705f2a38e67,10.1021/jacs.4c14503,ACS,Journal of the American Chemical Society,Altermagnetism: A Chemical Perspective,weak_candidate,metadata_error,access_blocked,unverified_access_blocked,,0,,https://doi.org/10.1021/jacs.4c14503,publisher page/API blocked on current network; do not interpret as no supplementary material
paper_d62e2d6074ad2413,10.1021/jacs.5c02351,ACS,Journal of the American Chemical Society,Correction to “Catalytic Asymmetric Transfer Hydrogenation of Acylboronates: BMIDA as the Privileged Directing Group”,not_computational,metadata_error,access_blocked,unverified_access_blocked,,0,,https://doi.org/10.1021/jacs.5c02351,publisher page/API blocked on current network; do not interpret as no supplementary material
paper_dff939c878bd8d27,10.1021/jacs.5c06025,ACS,Journal of the American Chemical Society,Correction to “In-Situ Identification of Zinc Sites as Potential-Dependent Selectivity Switch over Dual-Atom Catalysts for H<sub>2</sub>O<sub>2</sub> Electrosynthesis”,not_computational,metadata_error,access_blocked,unverified_access_blocked,,0,,https://doi.org/10.1021/jacs.5c06025,publisher page/API blocked on current network; do not interpret as no supplementary material
paper_72aec176ab6e70f2,10.1021/jav146i001_1758711,ACS,,,not_computational,metadata_error,access_blocked,unverified_access_blocked,,0,,,publisher page/API blocked on current network; do not interpret as no supplementary material
paper_4b0b05ee18b942be,10.1021/jav146i035_1840815,ACS,,,not_computational,metadata_error,access_blocked,unverified_access_blocked,,0,,,publisher page/API blocked on current network; do not interpret as no supplementary material
paper_93db142a74b42473,10.1021/jav146i044_1864084,ACS,,,not_computational,metadata_error,access_blocked,unverified_access_blocked,,0,,,publisher page/API blocked on current network; do not interpret as no supplementary material
paper_98d3a2b47aefd646,10.1021/jav147i010_1910402,ACS,Journal of the American Chemical Society,Issue Editorial Masthead,not_computational,metadata_error,access_blocked,unverified_access_blocked,,0,,https://doi.org/10.1021/jav147i010_1910402,publisher page/API blocked on current network; do not interpret as no supplementary material
paper_382e8768c39dfeca,10.1039/d3sc05589b,RSC,Chemical Science,NiH-catalyzed C–N bond formation: insights and advancements in hydroamination of unsaturated hydrocarbons,weak_candidate,metadata_error,access_blocked,no_supplementary_listed_official_page,Review Article,0,,https://pubs.rsc.org/en/content/articlelanding/2024/sc/d3sc05589b,official article page has no Supplementary files section
paper_2d2296f228b65543,10.1039/d4gc05781c,RSC,Green Chemistry,Process intensification of heterogeneous dehydrochlorination of β-chlorohydrin using phase transfer catalysts,not_computational,metadata_error,access_blocked,no_supplementary_listed_official_page,Paper,0,,https://pubs.rsc.org/en/content/articlelanding/2025/gc/d4gc05781c,official article page has no Supplementary files section
paper_02c0f6f011593382,10.1039/d4sc01136h,RSC,Chemical Science,Adamantane-type clusters: compounds with a ubiquitous architecture but a wide variety of compositions and unexpected materials properties,weak_candidate,metadata_error,access_blocked,no_supplementary_listed_official_page,Review Article,0,,https://pubs.rsc.org/en/content/articlelanding/2024/sc/d4sc01136h,official article page has no Supplementary files section
paper_051efe65d75ed05f,10.1039/d4sc02089h,RSC,Chemical Science,Semi-crystalline polymers with supramolecular synergistic interactions: from mechanical toughening to dynamic smart materials,weak_candidate,metadata_error,access_blocked,no_supplementary_listed_official_page,Review Article,0,,https://pubs.rsc.org/en/content/articlelanding/2024/sc/d4sc02089h,official article page has no Supplementary files section
paper_d537a034c693b3e4,10.1039/d4sc02139h,RSC,Chemical Science,Flexible electrochemical energy storage devices and related applications: recent progress and challenges,strong_candidate,metadata_error,access_blocked,no_supplementary_listed_official_page,Review Article,0,,https://pubs.rsc.org/en/content/articlelanding/2024/sc/d4sc02139h,official article page has no Supplementary files section
paper_e327aee5da9b3ab0,10.1039/d4sc04283b,RSC,Chemical Science,Accelerating acidic CO<sub>2</sub> electroreduction: strategies beyond catalysts,weak_candidate,metadata_error,access_blocked,no_supplementary_listed_official_page,Review Article,0,,https://pubs.rsc.org/en/content/articlelanding/2024/sc/d4sc04283b,official article page has no Supplementary files section
paper_084736f47906e9be,10.1039/d4sc04947k,RSC,Chemical Science,Competition between ion–ion electrostatic correlations and hydrodynamic slip radically changes diffusioosmosis,weak_candidate,metadata_error,access_blocked,no_supplementary_listed_official_page,Edge Article,0,,https://pubs.rsc.org/en/content/articlelanding/2024/sc/d4sc04947k,official article page has no Supplementary files section
paper_083aab6ec890205b,10.1039/d4sc05655h,RSC,Chemical Science,“Amide − amine + alcohol = carboxylic acid.” chemical reactions as linear algebraic analogies in graph neural networks,strong_candidate,metadata_error,access_blocked,no_supplementary_listed_official_page,Edge Article,0,,https://pubs.rsc.org/en/content/articlelanding/2025/sc/d4sc05655h,official article page has no Supplementary files section
paper_e0dc870cfef01c6f,10.1039/d4sc05698a,RSC,Chemical Science,Cyclodextrin supramolecular assembly confined luminescent materials,not_computational,metadata_error,access_blocked,no_supplementary_listed_official_page,Review Article,0,,https://pubs.rsc.org/en/content/articlelanding/2024/sc/d4sc05698a,official article page has no Supplementary files section
paper_8558fa3754e168ea,10.1039/d4sc06376g,RSC,Chemical Science,Structure–reactivity relationships in CO<sub>2</sub> hydrogenation to C<sub>2+</sub> chemicals on Fe-based catalysts,weak_candidate,metadata_error,access_blocked,no_supplementary_listed_official_page,Review Article,0,,https://pubs.rsc.org/en/content/articlelanding/2025/sc/d4sc06376g,official article page has no Supplementary files section
paper_c275ff4d17434cfb,10.1039/d5sc01777g,RSC,Chemical Science,Role of chemistry in nature-inspired skin adhesives,not_computational,metadata_error,access_blocked,no_supplementary_listed_official_page,Review Article,0,,https://pubs.rsc.org/en/content/articlelanding/2025/sc/d5sc01777g,official article page has no Supplementary files section
paper_4f42042db845310e,10.1039/d5sc02422f,RSC,Chemical Science,Exploring the chemistry of higher acenes: from synthesis to applications,weak_candidate,metadata_error,access_blocked,no_supplementary_listed_official_page,Review Article,0,,https://pubs.rsc.org/en/content/articlelanding/2025/sc/d5sc02422f,official article page has no Supplementary files section
